Marcus Boerger <helly@php.net>
Hayk Chamyan <hamshen@gmail.com>
Wez Furlong <wez@thebrainroom.com>
Rui Hirokawa <hirokawa@php.net>
Shigeru Kanemoto <sgk@happysize.co.jp>
U. Kenkichi <kenkichi@axes.co.jp>
Moriyoshi Koizumi <moriyoshi@php.net>
Hironori Sato <satoh@jpnnet.com>
Tsukada Takuya <tsukada@fminn.nagano.nagano.jp>
Tateyama <tateyan@amy.hi-ho.ne.jp>
Den V. Tsopa <tdv@edisoft.ru>
Maksym Veremeyenko <verem@m1stereo.tv>
Haluk AKIN <halukakin@gmail.com>
